sample_id,person_id,display_name,analysis_group,face_type,face_type_ko,sequence,source_path,source_sha256,source_width,source_height
jisoo_blackpink_01,jisoo_blackpink,지수,female,dog,강아지상,1,사진데이터/지수1.png,73de8bbacfba4c92e1558c37484a0e39702cdc2bbd583d9c9be99c6b9ef26cf3,622,684
jisoo_blackpink_02,jisoo_blackpink,지수,female,dog,강아지상,2,사진데이터/지수2.png,548f7d3ae2d2327df023509301ca983c18cd623bca132c86a2ef52edb45c1ffb,572,580
jisoo_blackpink_03,jisoo_blackpink,지수,female,dog,강아지상,3,사진데이터/지수3.png,8bf4a154b47362e70a8326f52878c3de349b56ecb9f93d84c5d1d5152ffe9ad7,602,550
park_bo_young_01,park_bo_young,박보영,female,dog,강아지상,1,사진데이터/박보영1.png,cccaf3a0dbb411675c856e4a2634720fdfc8fed3f7cb84ce2bb042e9cb9c9e66,512,574
park_bo_young_02,park_bo_young,박보영,female,dog,강아지상,2,사진데이터/박보영2.png,c6f6f71e97ff37697465288743b5787047d0ca07f3b8edb5714eabefc7e5a802,674,594
park_bo_young_03,park_bo_young,박보영,female,dog,강아지상,3,사진데이터/박보영3.png,676dd2aeda6e1a284bb1cebfe900b1673eae03e66d42bcfbf8f9167169900fe9,556,588
an_yu_jin_01,an_yu_jin,안유진,female,dog,강아지상,1,사진데이터/안유진1.png,43a1ff9e562db027429254b431266111e60f38454d73a60a740edcb081ccfef2,570,672
an_yu_jin_02,an_yu_jin,안유진,female,dog,강아지상,2,사진데이터/안유진2.png,318809b31d4bded4f148740389b71779d1016dab1fdfa385a135b0cc1eeccf8d,452,498
an_yu_jin_03,an_yu_jin,안유진,female,dog,강아지상,3,사진데이터/안유진3.png,b10e098fbec850b2c622b2b64c2eeb9d738a69f97d7b20fd9b01c1d54543ee1b,436,514
minji_newjeans_01,minji_newjeans,민지,female,dog,강아지상,1,사진데이터/민지1.png,851407be20a378ea205199e6243f2b8a95de1992bd31151ce97232ac36c0c766,348,346
minji_newjeans_02,minji_newjeans,민지,female,dog,강아지상,2,사진데이터/민지2.png,2a9c1a1463be28b7b3818f9529bb34ca972d5b903e0c6a8ada34b17b394ef1f6,460,494
minji_newjeans_03,minji_newjeans,민지,female,dog,강아지상,3,사진데이터/민지3.png,eda54d66e39716bb7baa3fbe0d9ecd40c23e36af2a14cf6cf8741f022a2cc05e,594,608
jin_bts_01,jin_bts,BTS 진,male,dog,강아지상,1,사진데이터/BTS진1.png,66b5789a4c027a0684807c38a4f9d50d5ac9913b7f1918db862755f1cc2fa141,450,528
jin_bts_02,jin_bts,BTS 진,male,dog,강아지상,2,사진데이터/BTS진2.png,e8800f988e99bd374926b0a509fa725f1e71bef6bf37a294f125e8fe4e1941ab,478,570
jin_bts_03,jin_bts,BTS 진,male,dog,강아지상,3,사진데이터/BTS진3.png,4a1cd277fedce000bb32c1d40d003e7d52926aedc9209237d3e96a4ee78a9bf5,590,656
yang_yo_seob_01,yang_yo_seob,양요섭,male,dog,강아지상,1,사진데이터/양요섭1.png,fffd163424f4c36c5448b699bca82f63894e0344ad01ca7f7e0311c1ce5cb1e1,690,592
yang_yo_seob_02,yang_yo_seob,양요섭,male,dog,강아지상,2,사진데이터/양요섭2.png,435f00212f4a3bcab3b667b391801be15fda27ad16c62be445c0e780bba0d1a5,558,578
yang_yo_seob_03,yang_yo_seob,양요섭,male,dog,강아지상,3,사진데이터/양요섭3.png,53f62825543024579e5f3e510ca5b8a3ee9c1f060c30e79f16eed689ac983009,528,644
park_bo_gum_01,park_bo_gum,박보검,male,dog,강아지상,1,사진데이터/박보검1.png,f0a09531d19af663078c792e073f7634b560c2d8cbf01299f41593f1f49ff0e1,650,788
park_bo_gum_02,park_bo_gum,박보검,male,dog,강아지상,2,사진데이터/박보검2.png,efedfc6e6a5d51182844444a080986b2e20e538663cfc05d91533516988773c3,518,628
park_bo_gum_03,park_bo_gum,박보검,male,dog,강아지상,3,사진데이터/박보검3.png,876da77bae89538399355b95c7e97b03178c0b7f231f12eeafc08486f14c4899,574,656
choi_woo_shik_01,choi_woo_shik,최우식,male,dog,강아지상,1,사진데이터/최우식1.png,47f3c031ed05d53e9581c570e5e28ed3907915e8f3c3559b2dc1e761fed0b671,562,572
choi_woo_shik_02,choi_woo_shik,최우식,male,dog,강아지상,2,사진데이터/최우식2.png,bdaba14f3d59f6a0eddbdcc7af23e2b1f7a1c37afe17e7df14c27edfde29d91d,530,614
choi_woo_shik_03,choi_woo_shik,최우식,male,dog,강아지상,3,사진데이터/최우식3.png,9d8597479ddcd2765dff63e1970ba982b9148fd81302287ab276c4d5dbed766d,602,560
haerin_newjeans_01,haerin_newjeans,해린,female,cat,고양이상,1,사진데이터/해린1.png,fa5d39fa3cbbc7eb0b0225d3b18991f22c421b6d2bbfa3567d343b58a5e85e5d,526,540
haerin_newjeans_02,haerin_newjeans,해린,female,cat,고양이상,2,사진데이터/해린2.png,c1378c9eb366f66eeaf43b8dc2110679ccf4c32ca0ebe86535b89e80b1d8a85c,528,610
haerin_newjeans_03,haerin_newjeans,해린,female,cat,고양이상,3,사진데이터/해린3.png,9679187f4954dd278259a743f0ea8b8ed1fdc3d62ec668fdd76e2ce1de55b5ab,546,674
jennie_blackpink_01,jennie_blackpink,제니,female,cat,고양이상,1,사진데이터/제니1.png,12e6e5484eb49de33d1e2dd2e42f0d2e89080d150a0c0952f5f8cace9aee461c,532,592
jennie_blackpink_02,jennie_blackpink,제니,female,cat,고양이상,2,사진데이터/제니2.png,9ed6ab23980facf35d2857690a391d90e25f9825666d0d3ec2c5da9381ac5980,580,590
jennie_blackpink_03,jennie_blackpink,제니,female,cat,고양이상,3,사진데이터/제니3.png,f07dac0592ede39ed76fc73ca6d6efe98f5742fbe169f115b5e3185b81fd4ce8,576,474
kyujin_nmixx_01,kyujin_nmixx,규진,female,cat,고양이상,1,사진데이터/규진1.png,af73e9d8febbdfa3043875d56c93e03032ab2ddc4ecc02b72446335b09123c59,530,548
kyujin_nmixx_02,kyujin_nmixx,규진,female,cat,고양이상,2,사진데이터/규진2.png,2e75485892baec923641c3dacd3ba45b8ba5d6b6145e7fe6fac06b1cc185c1d5,500,558
kyujin_nmixx_03,kyujin_nmixx,규진,female,cat,고양이상,3,사진데이터/규진3.png,7bd2c6c6775e27c016a468af093ab6f3352e92708bc2ab6a8f43c90d8d38a8ac,530,468
han_ye_seul_01,han_ye_seul,한예슬,female,cat,고양이상,1,사진데이터/한예슬1.png,76d9d669878a1a151ccc296761ddd087f2d3cc042505eb0ae2ef57cbdd1acbcb,556,544
han_ye_seul_02,han_ye_seul,한예슬,female,cat,고양이상,2,사진데이터/한예슬2.png,7b0c3a870d940966732fff904c9525afc146e3a8dcb294e3ca6cf02a26f4c929,624,648
han_ye_seul_03,han_ye_seul,한예슬,female,cat,고양이상,3,사진데이터/한예슬3.png,38cd940dce1b4d7b3ac504d1f395b35cb9a1b33aea91c200187edada3871c29d,540,584
jinyoung_b1a4_01,jinyoung_b1a4,진영,male,cat,고양이상,1,사진데이터/B1A4진영1.png,88ff89283140c0823cdee3a4ba4625ed8ae6314040b74ecce93c3b541a7f90a3,360,404
jinyoung_b1a4_02,jinyoung_b1a4,진영,male,cat,고양이상,2,사진데이터/B1A4진영2.png,6c55dabcfd61505444134800d144db57180c5fc77f8fb8939c1350c44292b487,340,376
jinyoung_b1a4_03,jinyoung_b1a4,진영,male,cat,고양이상,3,사진데이터/B1A4진영3.png,00c0d857195175817236103241697f49e40da54a5b9d6ead9735d0d0efc488a3,628,626
xiumin_01,xiumin,시우민,male,cat,고양이상,1,사진데이터/시우민1.png,2945881809696e8ae356d11e850179d52f038124dc94f477cf79b43050115946,552,606
xiumin_02,xiumin,시우민,male,cat,고양이상,2,사진데이터/시우민2.png,32b35bd3bb4b03f147fda0a79847e6e3aa291572ed470d67ab09b2b131c5a08f,578,632
xiumin_03,xiumin,시우민,male,cat,고양이상,3,사진데이터/시우민3.png,68421ba73c79da536a8168fac4dc8a4eb4e5ff98f8f061c4307ab3c89a48e1c9,478,570
hwang_min_hyun_01,hwang_min_hyun,황민현,male,cat,고양이상,1,사진데이터/황민현1.png,636f081d20b64a56b052b22f35555dbc43944f1487906368dc008eac656cc467,220,238
hwang_min_hyun_02,hwang_min_hyun,황민현,male,cat,고양이상,2,사진데이터/황민현2.png,2f9c43b00d88ef2a1a5e6910fe6a8de15324991b14b56b83f443d22e9de3d891,530,524
hwang_min_hyun_03,hwang_min_hyun,황민현,male,cat,고양이상,3,사진데이터/황민현3.png,43b2166d9a61d77b160789836418a9fc51ef87f59f3ab4cfd02c2aef57988af8,532,594
suga_bts_01,suga_bts,슈가,male,cat,고양이상,1,사진데이터/슈가1.png,ed8059aa402fe8b95b393449d62f590de3dbd19b6d74c46ae11cca8071e93d0e,364,448
suga_bts_02,suga_bts,슈가,male,cat,고양이상,2,사진데이터/슈가2.png,b86b6954b32b95ba76081209a8799e6ebd8fdd3aaafd381f66279871483b2c08,568,652
suga_bts_03,suga_bts,슈가,male,cat,고양이상,3,사진데이터/슈가3.png,a712645b5219b9929eb7d7d3db74a132df2163749af5ecd0f9dbe77e1d297612,488,580
jang_won_young_01,jang_won_young,장원영,female,rabbit,토끼상,1,사진데이터/장원영1.png,840c038a62d99d5235cb4f657d49dd86a59e0e0541d303c6623ae88759f9b7a8,662,682
jang_won_young_02,jang_won_young,장원영,female,rabbit,토끼상,2,사진데이터/장원영2.png,3b92044598d5edfc8dcb5c59d1061407166779221eca09915ebc33a1fcc8df71,640,644
jang_won_young_03,jang_won_young,장원영,female,rabbit,토끼상,3,사진데이터/장원영3.png,46cb7978aca5a2c7747563e8e3a362140d644e8faa66f190cbd89bcab6ac6f6d,688,632
nayeon_twice_01,nayeon_twice,나연,female,rabbit,토끼상,1,사진데이터/나연1.png,8035a6ada1eac53a8d80a211f92ac5bf267c791e12e67d540826db845b6a73c5,566,618
nayeon_twice_02,nayeon_twice,나연,female,rabbit,토끼상,2,사진데이터/나연2.png,eb870e351405de6233624e540b1497096714e9dbdeb886432c7308ced1d5f9f5,250,270
nayeon_twice_03,nayeon_twice,나연,female,rabbit,토끼상,3,사진데이터/나연3.png,c7421c86b60010ea5cf630785c790763a244676d1bb237641e8922e1d65c649d,442,446
bae_suzy_01,bae_suzy,수지,female,rabbit,토끼상,1,사진데이터/수지1.png,3ed89783df6971f2e5e6ed21a60a023d9a779b5388d8e3885ec0fda9d1ab7162,618,628
bae_suzy_02,bae_suzy,수지,female,rabbit,토끼상,2,사진데이터/수지2.png,28469e6a5be946dbb3c3da75580801cac807a1fe28bd45d576d0a57e8d98a010,516,598
bae_suzy_03,bae_suzy,수지,female,rabbit,토끼상,3,사진데이터/수지3.png,705a770c9df9b04fed9dbf8d901e3963057c24b1fe995d63301e6ba57cd3bf50,584,646
han_ji_min_01,han_ji_min,한지민,female,rabbit,토끼상,1,사진데이터/한지민1.png,511dba9c52374837bc418d6ace8c8a35cc3a19c81dc579629bb1c652fefee192,492,590
han_ji_min_02,han_ji_min,한지민,female,rabbit,토끼상,2,사진데이터/한지민2.png,1d66551e01b06e6b5b0e7a86fa78f86007af8e8edfede20bceba93c167c9b3c9,580,498
han_ji_min_03,han_ji_min,한지민,female,rabbit,토끼상,3,사진데이터/한지민3.png,6e6892e740d2444fa3a7f30fd109f35b3e9e8d8686594a3569265587e69996be,524,544
jungkook_bts_01,jungkook_bts,정국,male,rabbit,토끼상,1,사진데이터/정국1.png,5a179f0b93b5e4726f19f46c8ab87d1722c332f8c92cca1428c62519b3f8c57e,372,448
jungkook_bts_02,jungkook_bts,정국,male,rabbit,토끼상,2,사진데이터/정국2.png,2233019e2114995a8bafb7293e146292fa4ddc6226d7746a8af6aeabacd49647,548,676
jungkook_bts_03,jungkook_bts,정국,male,rabbit,토끼상,3,사진데이터/정국3.png,2788e13c24e5c4c595d2e75cd1d2318c5572cb8eaa8f43e769bbbcfa0a8b637c,684,636
soobin_txt_01,soobin_txt,투바투 수빈,male,rabbit,토끼상,1,사진데이터/투바투수빈1.png,8f6a15b6b4b762311387fc2140823215916b71beb787b0c0655ed3529220a36d,334,442
soobin_txt_02,soobin_txt,투바투 수빈,male,rabbit,토끼상,2,사진데이터/투바투수빈2.png,7311f73bb85b73ed5ac24156408308205eb93d7658771ea7dd22658ff36997d3,436,480
soobin_txt_03,soobin_txt,투바투 수빈,male,rabbit,토끼상,3,사진데이터/투바투수빈3.png,604eda87795de7777d64dc9f8bb36724a4456d395e4da0d347257431b57db3e2,436,378
lee_min_hyuk_01,lee_min_hyuk,이민혁,male,rabbit,토끼상,1,사진데이터/이민혁1.png,7330d48a85768d2b0bb5f440db213efc3294887ce67717d1e99aaeae93415d6b,432,450
lee_min_hyuk_02,lee_min_hyuk,이민혁,male,rabbit,토끼상,2,사진데이터/이민혁2.png,21a2dabfdbe6008b1b55848c447c4fcfd79d569123bce0a681e3919722087fcb,396,492
lee_min_hyuk_03,lee_min_hyuk,이민혁,male,rabbit,토끼상,3,사진데이터/이민혁3.png,82e3186caa9dcd9adfc456e043b48b82b7aab7772f7265b619067fcdab4e0b45,256,246
doyoung_nct_01,doyoung_nct,NCT 도영,male,rabbit,토끼상,1,사진데이터/NCT도영1.png,3ddc728a55ad92b3ce0188cc2216780cdbd92eadd97156f6055f3fc1f22d74c3,316,346
doyoung_nct_02,doyoung_nct,NCT 도영,male,rabbit,토끼상,2,사진데이터/NCT도영2.png,678054739458a1158553e478816ee97b16c76276d3b131212e19c74aac2802d4,474,592
doyoung_nct_03,doyoung_nct,NCT 도영,male,rabbit,토끼상,3,사진데이터/NCT도영3.png,9746a5223b4dc39293c1926dbc169ee8cecc78f764ca81a6fc79628afd4c6912,434,472
asa_babymonster_01,asa_babymonster,아사,female,fox,여우상,1,사진데이터/아사1.png,d2d442c25309ce18fec16fd77c2c6da41318ec99fcee9664e55d71c6f6044053,768,780
asa_babymonster_02,asa_babymonster,아사,female,fox,여우상,2,사진데이터/아사2.png,e720ef4a3207ea1d8c028646cbbe577abf3e25b03b2472284e7d15f9286adae3,452,540
asa_babymonster_03,asa_babymonster,아사,female,fox,여우상,3,사진데이터/아사3.png,a2521cddc9e4e9022e710e9cf0e48ba2e046c0db301ba2036e8527af24b18ea7,342,428
yeji_itzy_01,yeji_itzy,예지,female,fox,여우상,1,사진데이터/예지1.png,7a69f4f10ac053d654eeb5ecb19022be9a205cd2ffa17c64c721ffe308de7266,516,694
yeji_itzy_02,yeji_itzy,예지,female,fox,여우상,2,사진데이터/예지2.png,85e83cd274f131f30410446e2fe418bcd0c3ce65e5724f5ec748f6b89a421863,570,752
yeji_itzy_03,yeji_itzy,예지,female,fox,여우상,3,사진데이터/예지3.png,2fffef07610f3a7f51ae0a91413e1aee977b7098457493cca15a016e68743ba6,458,570
sana_twice_01,sana_twice,사나,female,fox,여우상,1,사진데이터/사나1.png,7098bfe3e839eb8da1fda9dc8952ad3ee41b4b36fa7369710cc69bcaa4c82fb2,534,606
sana_twice_02,sana_twice,사나,female,fox,여우상,2,사진데이터/사나2.png,a8e9d47605f5d3dece0d28e7eef1e684dda420096e948ac12a91bd39cee63dec,368,476
sana_twice_03,sana_twice,사나,female,fox,여우상,3,사진데이터/사나3.png,56ae6143211381904c3e7a340d392535ad708130a80010eb3da02e66fc90ff8d,410,386
han_so_hee_01,han_so_hee,한소희,female,fox,여우상,1,사진데이터/한소희1.png,825564cf798129225000000696320a64115003e70626886bad0e9632e02830c9,376,380
han_so_hee_02,han_so_hee,한소희,female,fox,여우상,2,사진데이터/한소희2.png,6598b0ab118b11bd79eaa0a015f4b75952ee85d3846c64974e03d44694664928,512,646
han_so_hee_03,han_so_hee,한소희,female,fox,여우상,3,사진데이터/한소희3.png,8e442a36faaea60f34c99842398ee2f21cf662c039e325628c2e0ce8552fc8a4,400,424
young_k_day6_01,young_k_day6,영케이,male,fox,여우상,1,사진데이터/영케이1.png,fe882dd198317997344717c6b6fb2438e33d31e146594442fb19485f630cf149,348,430
young_k_day6_02,young_k_day6,영케이,male,fox,여우상,2,사진데이터/영케이2.png,cc1a083f6e06d23d4cd2242a5548d4af0e1e3f1b47c302b1f6ed547ceb5723be,464,480
young_k_day6_03,young_k_day6,영케이,male,fox,여우상,3,사진데이터/영케이3.png,2e06d9e67af980b2de6e7839e705aa82fed3c02cc9a0788d32e528b3893fc295,370,448
yook_sung_jae_01,yook_sung_jae,육성재,male,fox,여우상,1,사진데이터/육성재1.png,228f0fd42a1b04851be889b14fbfd46b5a70cbe3cec5484dcc635e106194bc3b,504,504
yook_sung_jae_02,yook_sung_jae,육성재,male,fox,여우상,2,사진데이터/육성재2.png,0a285e15a26a2b10ae3225971c9eb8bef6f8a1194a2598288c4cd8fd49785a5f,468,528
yook_sung_jae_03,yook_sung_jae,육성재,male,fox,여우상,3,사진데이터/육성재3.png,846da93ae0a5de37828e564c32bee1de540b7f9a984e2637b87b8d707ef8ba6f,536,566
ju_ji_hoon_01,ju_ji_hoon,주지훈,male,fox,여우상,1,사진데이터/주지훈1.png,8380142fba6c0db01c44d2d54334539e01bfc927ccc2ec3a9284e058910c29e0,378,420
ju_ji_hoon_02,ju_ji_hoon,주지훈,male,fox,여우상,2,사진데이터/주지훈2.png,2e2e45ccb8ddf7cb3683b2368cf85fe91fee8db8fd87a7da04a2e0dc6dfeb877,592,714
ju_ji_hoon_03,ju_ji_hoon,주지훈,male,fox,여우상,3,사진데이터/주지훈3.png,839cf35f38f29b6d2da44ea6ce33352ca0c767c31ed7fd625700db201c3940dc,528,540
lee_do_hyun_01,lee_do_hyun,이도현,male,fox,여우상,1,사진데이터/이도현1.png,d3f998e24570f6ef4c0b87f6e8bbe455eda0270893ef5e66d62300b28015f1c4,530,566
lee_do_hyun_02,lee_do_hyun,이도현,male,fox,여우상,2,사진데이터/이도현2.png,3a6bdea09d839057f15a5b5a59efa9b8e7122d2add023dc581088024069d9e70,416,526
lee_do_hyun_03,lee_do_hyun,이도현,male,fox,여우상,3,사진데이터/이도현3.png,5047a5204196e7a4527c5d84a768844fadb648a03e5dae7bc53c05fa7e3ab702,652,696
miyeon_gidle_01,miyeon_gidle,미연,female,deer,사슴상,1,사진데이터/미연1.png,97d9ca8f371060b8d87eb76b63ea60f16551a133d14ee4518bc4aac43487b27d,540,602
miyeon_gidle_02,miyeon_gidle,미연,female,deer,사슴상,2,사진데이터/미연2.png,f79131e71262db8b77ffb8d02fc5de44dd351273e95c582a619816d5cd3ae4aa,504,458
miyeon_gidle_03,miyeon_gidle,미연,female,deer,사슴상,3,사진데이터/미연3.png,6b3d8f60f4af38b23bfd7b9c90c90411d7af5bc7dc2bd9238cda2763be75fe1c,446,500
sullyoon_nmixx_01,sullyoon_nmixx,설윤,female,deer,사슴상,1,사진데이터/설윤1.png,50ea4c051790431a2774a84357a30822dd01dbc3f02512e578026cf32a78ba75,442,470
sullyoon_nmixx_02,sullyoon_nmixx,설윤,female,deer,사슴상,2,사진데이터/설윤2.png,e87c374e43fcc38743374735f534b7c5308bd42d046a4594216d50fd19ced132,534,598
sullyoon_nmixx_03,sullyoon_nmixx,설윤,female,deer,사슴상,3,사진데이터/설윤3.png,ebf999918ef6f0703fe972e5b71521bff38939419df48b3f6418964125404f87,428,502
im_yoon_a_01,im_yoon_a,윤아,female,deer,사슴상,1,사진데이터/윤아1.png,1a58befd78216e7048e29d7e4ff8f090a3fd34105cbdf8b2947cbf028a46275f,440,522
im_yoon_a_02,im_yoon_a,윤아,female,deer,사슴상,2,사진데이터/윤아2.png,1e4bf128331e70f7349760ad792b27f324ce6ea32911436f66d3d97e564ad9ee,468,538
im_yoon_a_03,im_yoon_a,윤아,female,deer,사슴상,3,사진데이터/윤아3.png,7db648df29eb984241339e8c97cb116f457d1578ba88f10552d8604f3fc2ff3c,396,448
go_ara_01,go_ara,고아라,female,deer,사슴상,1,사진데이터/고아라1.png,3b96afbc8fabdcea885fd797af5e0f50f82f2176123652b4169b90a5c485d52f,584,514
go_ara_02,go_ara,고아라,female,deer,사슴상,2,사진데이터/고아라2.png,583d04d331deae475b229cf70354d4d740798b3d54e1ffcff6f20e313ef0cf57,482,460
go_ara_03,go_ara,고아라,female,deer,사슴상,3,사진데이터/고아라3.png,20cf7b9c9441f70554789b5b2b176dd95d053230d7ac65c4a38409d72fdc4abb,544,630
minho_shinee_01,minho_shinee,샤이니 민호,male,deer,사슴상,1,사진데이터/민호1.png,7dafbdb47d069d42bf4c46ebccb8a54fb13980fcdd9c03efd9c92da8d3ce9b87,444,470
minho_shinee_02,minho_shinee,샤이니 민호,male,deer,사슴상,2,사진데이터/민호2.png,3031737298dabd59d3a4c273e81405426f242d3f28b25614bdd06cb3f6d4084b,458,478
minho_shinee_03,minho_shinee,샤이니 민호,male,deer,사슴상,3,사진데이터/민호3.png,380f8529528b4a372ba2ead0f294efb83ab2160e0c82e69c5410673f3fbb8847,450,398
hanjin_tws_01,hanjin_tws,투어스 한진,male,deer,사슴상,1,사진데이터/투어스한진1.png,ab7b49b0b9a677c994f2f54b2f6b7cf9dbea48cdcd379aaa90ada59f542be064,390,430
hanjin_tws_02,hanjin_tws,투어스 한진,male,deer,사슴상,2,사진데이터/투어스한진2.png,c7be782b2c519a542b3f01e17747bedbccef775447c5540463046a5a3a41d627,572,572
hanjin_tws_03,hanjin_tws,투어스 한진,male,deer,사슴상,3,사진데이터/투어스한진3.png,8e29e8eef1957e85980453ba0d9875de1260ea3b5ebd67439e201b42d74a6737,420,548
cha_eun_woo_01,cha_eun_woo,차은우,male,deer,사슴상,1,사진데이터/차은우1.png,307bf131393df18ac570fcadbfa2d43be4b1eb9e6a206c123f101c423257728c,614,632
cha_eun_woo_02,cha_eun_woo,차은우,male,deer,사슴상,2,사진데이터/차은우2.png,9c9601758be7d2b989a5714259bada49686cb1eaf80d8aa92b816a632204c620,612,698
cha_eun_woo_03,cha_eun_woo,차은우,male,deer,사슴상,3,사진데이터/차은우3.png,b8f347a18809e5512d7ce4e115f38d94442a627dea4a218601bc3be49d3abf87,478,564
max_changmin_01,max_changmin,최강창민,male,deer,사슴상,1,사진데이터/최강창민1.png,d7fdf46c89965257538c6be09b3190b9e4d717aba8983eab40727175b54c332a,340,384
max_changmin_02,max_changmin,최강창민,male,deer,사슴상,2,사진데이터/최강창민2.png,db3d95b8561a008b62d3b3189a35265cd1d21eda9f28a76625392311a97c9ac9,442,564
max_changmin_03,max_changmin,최강창민,male,deer,사슴상,3,사진데이터/최강창민3.png,8258a30d77f27659b6a2b4f3ec03049d2494e231c5f4c98f1a37da78a33d9369,524,698
ha_yeon_soo_01,ha_yeon_soo,하연수,female,turtle,거북이상,1,사진데이터/하연수1.png,c8371b1e52d0ac31748fe175be906cb7ff1c9d2a63762cfd45c2cb3b650ccea5,594,696
ha_yeon_soo_02,ha_yeon_soo,하연수,female,turtle,거북이상,2,사진데이터/하연수2.png,55c0e41203c9adae6839a44f4da6309d28c4a6497fcfd24b7bc852f32374c5e5,456,534
ha_yeon_soo_03,ha_yeon_soo,하연수,female,turtle,거북이상,3,사진데이터/하연수3.png,b12568cff547b708c8c7bbfe226686c3427bee434a08d2a606544b3d917f9623,524,612
yujeong_01,yujeong,유정,female,turtle,거북이상,1,사진데이터/유정1.png,f4cc06e1d745241db2c737bc5a82d133f208a9472cf898f31c6f12547a98410d,482,466
yujeong_02,yujeong,유정,female,turtle,거북이상,2,사진데이터/유정2.png,51672252d382c8165dcc913a444dc9706360532830694ec06b45301ed483d1e5,550,530
yujeong_03,yujeong,유정,female,turtle,거북이상,3,사진데이터/유정3.png,93c7ca3e53cf887dad25db95a45fb7a8ede7bc6d8d248fe812db75bb07400b98,512,552
shin_min_a_01,shin_min_a,신민아,female,turtle,거북이상,1,사진데이터/신민아1.png,d46205cf3f4fd7e32fc7471149cdd078b06fe4e1e965efff4ffe8749aff723d0,492,580
shin_min_a_02,shin_min_a,신민아,female,turtle,거북이상,2,사진데이터/신민아2.png,434a3025ee6f3acb36876c7881b5cf84bde114a6d8d374e0af221a432f73286e,520,638
shin_min_a_03,shin_min_a,신민아,female,turtle,거북이상,3,사진데이터/신민아3.png,d78dfae79e99887c9f28528c5828881ab0e6e3e81ef847f5c3e5c98cfb02890f,428,424
jo_yu_ri_01,jo_yu_ri,조유리,female,turtle,거북이상,1,사진데이터/조유리1.png,ed92ca5ee4c219d8c9a7ba11614ac28eb1bd118fc82fd486375337b958824283,630,516
jo_yu_ri_02,jo_yu_ri,조유리,female,turtle,거북이상,2,사진데이터/조유리2.png,a1f70bf8899226112ef369b1b95b7a1446c028232fd1426f372dbfb7566d0367,528,664
jo_yu_ri_03,jo_yu_ri,조유리,female,turtle,거북이상,3,사진데이터/조유리3.png,d3a83abe1e43ee2103ffb0cc41d5988453ca0d722e57229af4dfbe5a5490adc2,510,504
kang_mina_01,kang_mina,강미나,female,hamster,햄스터상,1,사진데이터/강미나1.png,a48a0a94ea933cba139d1369c92adf4dd3dc4d981a1db4c56c6a8841ec7db003,434,414
kang_mina_02,kang_mina,강미나,female,hamster,햄스터상,2,사진데이터/강미나2.png,4835411d3abdc3143744af0133acc41a078ec62a2b1fc1d30e901929c32607e9,418,530
kang_mina_03,kang_mina,강미나,female,hamster,햄스터상,3,사진데이터/강미나3.png,5ad6eb1d7eadfa285838b2a296fed706281f27590f4cea9b10f9ca4d4f6266c4,504,578
wonhee_illit_01,wonhee_illit,원희,female,hamster,햄스터상,1,사진데이터/원희1.png,e776eb357356547289cd2ad3c39229c9cd25032b71f813097cc67ddd3c81d0f3,290,384
wonhee_illit_02,wonhee_illit,원희,female,hamster,햄스터상,2,사진데이터/원희2.png,a96c63b23778060a12e0f04795bab07c292a3a4407ba8b5b8d172ada29a60140,540,610
wonhee_illit_03,wonhee_illit,원희,female,hamster,햄스터상,3,사진데이터/원희3.png,76aae5751130924d90a8c29fe24c581810e6c2a10e907df78268b8d77ce58334,554,612
kim_da_mi_01,kim_da_mi,김다미,female,hamster,햄스터상,1,사진데이터/김다미1.png,85715099fed3d94eb5de9b05d4fbf053bddc5cb9458e198616e398b33869835b,372,406
kim_da_mi_02,kim_da_mi,김다미,female,hamster,햄스터상,2,사진데이터/김다미2.png,ad48e71af6b98c083e781c463d0889c94e15d603a79e7abcef024624a1f48080,322,334
kim_da_mi_03,kim_da_mi,김다미,female,hamster,햄스터상,3,사진데이터/김다미3.png,bfbb24481e7a0f2f3e89b617df503f5c552005aec1b3e9f96e76155d67feb343,568,560
song_ha_young_01,song_ha_young,송하영,female,hamster,햄스터상,1,사진데이터/송하영1.png,c1ec83c715987d13691f1624605d959216ba011f14de4faaa1d7279a1b6d6700,362,430
song_ha_young_02,song_ha_young,송하영,female,hamster,햄스터상,2,사진데이터/송하영2.png,ef613bc920b779d72667b82d5a79e50fe2b1faed9c8bd61e8f6ca2cb67fbceb8,322,426
song_ha_young_03,song_ha_young,송하영,female,hamster,햄스터상,3,사진데이터/송하영3.png,24e24a91cb217c8f7050af1e44051b9f6b74b79422ae2edcb4b9868b0abe4dfe,304,410
karina_aespa_01,karina_aespa,카리나,female,snake,뱀상,1,사진데이터/카리나1.png,d635e54d062146c2abf2fcdb6b93cc91d315a41f9c3d410ea3f5a8f249da7abd,348,436
karina_aespa_02,karina_aespa,카리나,female,snake,뱀상,2,사진데이터/카리나2.png,ae5dcbc061aa836da9ee8bb1381e921f1971420cab403f856162b814ed42459b,324,458
karina_aespa_03,karina_aespa,카리나,female,snake,뱀상,3,사진데이터/카리나3.png,f51e36d1781eefec57b69a0954dee0f04224245ba12783f5821823f58cfcf5a3,478,634
chungha_01,chungha,청하,female,snake,뱀상,1,사진데이터/청하1.png,3bc25cc62b7ff009625f6fa9e41d41514420152b11f3bb273976105d4e8c3ace,470,608
chungha_02,chungha,청하,female,snake,뱀상,2,사진데이터/청하2.png,4003f17f8e0e9cbc3527eb825c1b86cfd4a0422935bfd393a856a19eb48bbfad,386,422
chungha_03,chungha,청하,female,snake,뱀상,3,사진데이터/청하3.png,2cf1bb42112cbfc5c93992bf4215c4a5c456ea774894890c38ee90e3863496c2,472,612
heize_01,heize,헤이즈,female,snake,뱀상,1,사진데이터/헤이즈1.png,eca0acd97a68e977c2f61174f21b6ff5b87b06b5d3b8e8d128dd6fa202c4712d,232,294
heize_02,heize,헤이즈,female,snake,뱀상,2,사진데이터/헤이즈2.png,9272c29599abf3c23984406d3622e60a58c39a5082266b826b3b47a1fe599dba,496,636
heize_03,heize,헤이즈,female,snake,뱀상,3,사진데이터/헤이즈3.png,14ac80a7115fc3d68e9e6b0c3930ff42f7f9821b0544bde8376d3ca6acb54b23,312,418
kim_so_yeon_01,kim_so_yeon,김소연,female,snake,뱀상,1,사진데이터/김소연1.png,65cfb1e7e09b98ff022ff3b879982a86704c519cac3150dac16c2df46fa9df71,356,462
kim_so_yeon_02,kim_so_yeon,김소연,female,snake,뱀상,2,사진데이터/김소연2.png,798226f8f5c496b57af3b087f07d0c501b2eef0a9fddd36669849b528e6cf390,378,448
kim_so_yeon_03,kim_so_yeon,김소연,female,snake,뱀상,3,사진데이터/김소연3.png,b0c72acb3b3335438df19124e78bb4433c1b171f834d42cb55266ed23749ccd8,662,608
lee_joon_gi_01,lee_joon_gi,이준기,male,snake,뱀상,1,사진데이터/이준기1.png,1267e1227ac316fbf1b4e6f227812f76374a7f3a171c89e75d33eba63d54c3b0,398,392
lee_joon_gi_02,lee_joon_gi,이준기,male,snake,뱀상,2,사진데이터/이준기2.png,e81d9a7216358c014342e880423ffb306930abcde58d56f8b39a74bfb2acb638,322,418
lee_joon_gi_03,lee_joon_gi,이준기,male,snake,뱀상,3,사진데이터/이준기3.png,ce5de8aca695d12d3ef0cd9659aa0a20298ab214e78602f3cc59e280a94bdd8d,478,558
woo_do_hwan_01,woo_do_hwan,우도환,male,snake,뱀상,1,사진데이터/우도환1.png,118ddcd83351d238d154b20242a3c5195eae8e6e20c70907ab3624ad64e183cb,290,372
woo_do_hwan_02,woo_do_hwan,우도환,male,snake,뱀상,2,사진데이터/우도환2.png,44c7e5139ee61ca5ff411be374db047d9ae246c118d1f7bb66ab82ec337d414e,450,596
woo_do_hwan_03,woo_do_hwan,우도환,male,snake,뱀상,3,사진데이터/우도환3.png,02c09ea1c1dade07d4cfd31f4917903673b2fae5ea4f289378fe88a9e4116590,288,270
ten_nct_01,ten_nct,NCT 텐,male,snake,뱀상,1,사진데이터/NCT텐1.png,bdbbf0c7a5de490d6c1d32df6aa4202f8b488faeceab2d9eda36e951867e3819,350,450
ten_nct_02,ten_nct,NCT 텐,male,snake,뱀상,2,사진데이터/NCT텐2.png,db3311f3c1b7858bbfaf23ef31ba886c3e17c6ed782c0bd83d9ef3e584942bf9,430,502
ten_nct_03,ten_nct,NCT 텐,male,snake,뱀상,3,사진데이터/NCT텐3.png,d9760a5c19445c4ee37d728072b7a7eda45663ebd8a1487f139c71563f8e9b81,504,468
joshua_seventeen_01,joshua_seventeen,세븐틴 조슈아,male,snake,뱀상,1,사진데이터/세븐틴조슈아1.png,9e19c7f5cc10def23702c17ca3b6ff0558efd9279cc93c78cf8679fb80b2a00b,496,592
joshua_seventeen_02,joshua_seventeen,세븐틴 조슈아,male,snake,뱀상,2,사진데이터/세븐틴조슈아2.png,ee2d6855355e48f518e92bd5240ac4ff045abb25c7cdad0cc23aa27271422e79,442,530
joshua_seventeen_03,joshua_seventeen,세븐틴 조슈아,male,snake,뱀상,3,사진데이터/세븐틴조슈아3.png,715da8e272e6a01ee4124edd684a3b18e7657b4e82098b56fbf7842a86bf0004,472,470
chun_woo_hee_01,chun_woo_hee,천우희,female,dinosaur,공룡상,1,사진데이터/천우희1.png,fdc897ec1d5fff07b9908398e74727b5bf0cfe3877c44d73dadc1bb5c357d7fe,352,384
chun_woo_hee_02,chun_woo_hee,천우희,female,dinosaur,공룡상,2,사진데이터/천우희2.png,f74944af766a091960562146e2751545b01e65644008f157733f431a32538b34,268,310
chun_woo_hee_03,chun_woo_hee,천우희,female,dinosaur,공룡상,3,사진데이터/천우희3.png,05f4b038ce5f217c3b6f6ca95c4656287d1d27207c6d8b49d5e95d58f86effb0,514,566
song_ji_hyo_01,song_ji_hyo,송지효,female,dinosaur,공룡상,1,사진데이터/송지효1.png,9e4c916403d48d00d0a64623b5572b24894ed5f303ccfeeb66dcc3558a02706e,288,312
song_ji_hyo_02,song_ji_hyo,송지효,female,dinosaur,공룡상,2,사진데이터/송지효2.png,2a09804591618998f2412de26522ec1a72027dfc8dc88769077ab230ce5e471d,384,594
song_ji_hyo_03,song_ji_hyo,송지효,female,dinosaur,공룡상,3,사진데이터/송지효3.png,311bd635cfc9443c81a1213da17aaece806d1efd9227683486f10d7e7939d944,380,502
lee_hi_01,lee_hi,이하이,female,dinosaur,공룡상,1,사진데이터/이하이1.png,2bddf95ae5206810fa4755e1a0050ae65385f551ce14103089bdf500cc9f342f,274,310
lee_hi_02,lee_hi,이하이,female,dinosaur,공룡상,2,사진데이터/이하이2.png,78689a2e8e412b5c73c7b3199c49985a341890e8df336a32de51eb17709670a6,408,534
lee_hi_03,lee_hi,이하이,female,dinosaur,공룡상,3,사진데이터/이하이3.png,f2dbdafc81914185a41e47c9a9dd00e45290b1fe3407503ccbb4540f7cd0e2fd,432,660
kim_ah_joong_01,kim_ah_joong,김아중,female,dinosaur,공룡상,1,사진데이터/김아중1.png,169a9914a010f86fe93c98070bfac5f0ca9f12003a7fdbe07b6fa90543943f67,486,558
kim_ah_joong_02,kim_ah_joong,김아중,female,dinosaur,공룡상,2,사진데이터/김아중2.png,d12b50760bb77c59773e562497139647d2ccca6f35bdcaf8099adba950a36f84,414,522
kim_ah_joong_03,kim_ah_joong,김아중,female,dinosaur,공룡상,3,사진데이터/김아중3.png,ac195e0b02330a000b0dd56d182af0ff2eee3abdda48704ed7b5a313d2b2c6cf,430,620
kim_woo_bin_01,kim_woo_bin,김우빈,male,dinosaur,공룡상,1,사진데이터/김우빈1.png,26e9d946813c5dba9181f77c39e4ae4a8005116bc2238fd8b5a05df164a7cfe6,378,438
kim_woo_bin_02,kim_woo_bin,김우빈,male,dinosaur,공룡상,2,사진데이터/김우빈2.png,3a7182bea2f0d436181abf4a80f91069c8ec6d44e1d4d49b14f310d5beb87ad2,472,530
kim_woo_bin_03,kim_woo_bin,김우빈,male,dinosaur,공룡상,3,사진데이터/김우빈3.png,2b1bae6d808b6912edff13b4b60d2ac200395feb5edcffce7f9ba679c1c87b11,394,486
ok_taec_yeon_01,ok_taec_yeon,택연,male,dinosaur,공룡상,1,사진데이터/옥택연1.png,b73a76350d66b2cfdbdfcd98686f1afa349f9f9baca796f2867f76dd9a93d4b1,428,502
ok_taec_yeon_02,ok_taec_yeon,택연,male,dinosaur,공룡상,2,사진데이터/옥택연2.png,508475663102ca9c82ef0a2386a536856f11d9acc2db6a2f4db912cf73fffb93,470,616
ok_taec_yeon_03,ok_taec_yeon,택연,male,dinosaur,공룡상,3,사진데이터/옥택연3.png,764000e9dbedfd1274bdafd543c402c6c96c47f874d94ee7d3039d01cd2dae34,558,654
ryu_jun_yeol_01,ryu_jun_yeol,류준열,male,dinosaur,공룡상,1,사진데이터/류준열1.png,2ba8c76fd909fcd1465495973dabb916b666ddea8fa4124f55af37e6075a6bc4,376,444
ryu_jun_yeol_02,ryu_jun_yeol,류준열,male,dinosaur,공룡상,2,사진데이터/류준열2.png,095ed7ce051fbb39e026d962f9a1cd47590519dd7e4ed9a9eadb35b7da6e2deb,522,528
ryu_jun_yeol_03,ryu_jun_yeol,류준열,male,dinosaur,공룡상,3,사진데이터/류준열3.png,5e48744872306e51ece1b4ac06522c0a3c0513b4a02d579d6419299d8e952db2,520,608
gong_yoo_01,gong_yoo,공유,male,dinosaur,공룡상,1,사진데이터/공유1.png,9ac8f35602d57825eca59d833bb6a78bfbe024252341013f9475c0ea39b533df,378,494
gong_yoo_02,gong_yoo,공유,male,dinosaur,공룡상,2,사진데이터/공유2.png,d3cefc7ec7bc6c8a1ba74ec1bb92490f76615deb644258b35db35e8f0ddd093e,526,636
gong_yoo_03,gong_yoo,공유,male,dinosaur,공룡상,3,사진데이터/공유3.png,3df4fbcfa00b74b1c83edfaac9cd2e99130729e0586bd44de4b7414a26d9e498,472,584
hyun_bin_01,hyun_bin,현빈,male,wolf,늑대상,1,사진데이터/현빈1.png,63e233ce5c136567552879923a52220ac47934bcf1888a8fd5155236cfe5389e,328,394
hyun_bin_02,hyun_bin,현빈,male,wolf,늑대상,2,사진데이터/현빈2.png,239583d81bacb2316af230be9edd3828ee4159b4880cf9c983b9ef5c90bdcf6b,426,624
hyun_bin_03,hyun_bin,현빈,male,wolf,늑대상,3,사진데이터/현빈3.png,38ea067c9b4994d32deb52ca8c4e9fbf92dcd938619f454be5a78f899073b768,436,614
son_suk_ku_01,son_suk_ku,손석구,male,wolf,늑대상,1,사진데이터/손석구1.png,3f808754d1eaf6b09450524c1ceba459f211ea499c0edd2f894df2ea7c1b116d,442,524
son_suk_ku_02,son_suk_ku,손석구,male,wolf,늑대상,2,사진데이터/손석구2.png,a60e2bc1748a8033618e1107e39cdef4e25626f4fc0adb2e338649c309eb68d6,404,482
son_suk_ku_03,son_suk_ku,손석구,male,wolf,늑대상,3,사진데이터/손석구3.png,f16602608388ad98212bd5261423d2811b80b62bd6c72ec87cea3e0fc1388422,320,362
seo_in_guk_01,seo_in_guk,서인국,male,wolf,늑대상,1,사진데이터/서인국1.png,f86407d68c45fbd1209bd64b199bd4cadf6269f594713da8e803db253743ea1d,372,430
seo_in_guk_02,seo_in_guk,서인국,male,wolf,늑대상,2,사진데이터/서인국2.png,5d843f48714420be603fe03f7ab1dc5dde61f8c89b7faafd1ebd310ea0ac5345,410,418
seo_in_guk_03,seo_in_guk,서인국,male,wolf,늑대상,3,사진데이터/서인국3.png,81a75af5482892d46b5e78c17a431ccb0020bb420ca780e85bfd115e6495a2d4,376,432
lee_soo_hyuk_01,lee_soo_hyuk,이수혁,male,wolf,늑대상,1,사진데이터/이수혁1.png,d5c2982a159e50c58805e9950fcd09a57af36dff355724399a2b420a00686442,430,448
lee_soo_hyuk_02,lee_soo_hyuk,이수혁,male,wolf,늑대상,2,사진데이터/이수혁2.png,ff7a4e28033228638de1178c4ac86289484318c17f235282c4f9002a0df6de8e,456,592
lee_soo_hyuk_03,lee_soo_hyuk,이수혁,male,wolf,늑대상,3,사진데이터/이수혁3.png,8a1a300eda88548640e0f66f75c1b4498fd3b298ddfe90211f8c507caedbc4f7,486,528
